{"_step":127,"train_loss":0.05168215557932854,"_wandb":{"runtime":5044},"_timestamp":1.7361229916071725e+09,"test_loss":0.06479207426309586,"epoch":42,"test_loss_epoch":0.06447574496269226,"_runtime":5044.593309314,"validation_loss":0.10229864716529846,"trainer/global_step":798,"examples":{"width":128,"height":64,"format":"png","count":6,"filenames":["media/images/examples_124_d0bf28347a48ed231557.png","media/images/examples_124_7f14f7a632d723e90d2c.png","media/images/examples_124_4bab6138b9713f6dbfef.png","media/images/examples_124_ca22e983ba4107eac209.png","media/images/examples_124_672b75cb6078ea5b57b1.png","media/images/examples_124_a15dcab988186f5ddafb.png"],"captions":["Ground Truth | Prediction","Ground Truth | Prediction","Ground Truth | Prediction","Ground Truth | Prediction","Ground Truth | Prediction","Ground Truth | Prediction"],"_type":"images/separated"}}